{
  "xgboost": {
    "metrics": {
      "accuracy": 0.7270833333333333,
      "precision": 0.7229769527456231,
      "recall": 0.7270833333333333,
      "f1": 0.7242838187832551
    },
    "confusion_matrix": [
      [
        126,
        8,
        29
      ],
      [
        3,
        132,
        24
      ],
      [
        37,
        30,
        91
      ]
    ],
    "classification_report": {
      "0": {
        "precision": 0.7590361445783133,
        "recall": 0.7730061349693251,
        "f1-score": 0.7659574468085106,
        "support": 163.0
      },
      "1": {
        "precision": 0.7764705882352941,
        "recall": 0.8301886792452831,
        "f1-score": 0.8024316109422492,
        "support": 159.0
      },
      "2": {
        "precision": 0.6319444444444444,
        "recall": 0.5759493670886076,
        "f1-score": 0.6026490066225165,
        "support": 158.0
      },
      "accuracy": 0.7270833333333333,
      "macro avg": {
        "precision": 0.7224837257526838,
        "recall": 0.7263813937677387,
        "f1-score": 0.7236793547910922,
        "support": 480.0
      },
      "weighted avg": {
        "precision": 0.7229769527456231,
        "recall": 0.7270833333333333,
        "f1-score": 0.7242838187832551,
        "support": 480.0
      }
    }
  },
  "adaboost": {
    "metrics": {
      "accuracy": 0.6479166666666667,
      "precision": 0.68870472173029,
      "recall": 0.6479166666666667,
      "f1": 0.6557570334748456
    },
    "confusion_matrix": [
      [
        96,
        6,
        61
      ],
      [
        1,
        105,
        53
      ],
      [
        24,
        24,
        110
      ]
    ],
    "classification_report": {
      "0": {
        "precision": 0.7933884297520661,
        "recall": 0.588957055214724,
        "f1-score": 0.676056338028169,
        "support": 163.0
      },
      "1": {
        "precision": 0.7777777777777778,
        "recall": 0.660377358490566,
        "f1-score": 0.7142857142857143,
        "support": 159.0
      },
      "2": {
        "precision": 0.49107142857142855,
        "recall": 0.6962025316455697,
        "f1-score": 0.5759162303664922,
        "support": 158.0
      },
      "accuracy": 0.6479166666666667,
      "macro avg": {
        "precision": 0.6874125453670907,
        "recall": 0.6485123151169532,
        "f1-score": 0.6554194275601252,
        "support": 480.0
      },
      "weighted avg": {
        "precision": 0.68870472173029,
        "recall": 0.6479166666666667,
        "f1-score": 0.6557570334748456,
        "support": 480.0
      }
    }
  },
  "catboost": {
    "metrics": {
      "accuracy": 0.7270833333333333,
      "precision": 0.7278192027074543,
      "recall": 0.7270833333333333,
      "f1": 0.7273567761907561
    },
    "confusion_matrix": [
      [
        124,
        8,
        31
      ],
      [
        3,
        126,
        30
      ],
      [
        31,
        28,
        99
      ]
    ],
    "classification_report": {
      "0": {
        "precision": 0.7848101265822784,
        "recall": 0.7607361963190185,
        "f1-score": 0.7725856697819314,
        "support": 163.0
      },
      "1": {
        "precision": 0.7777777777777778,
        "recall": 0.7924528301886793,
        "f1-score": 0.7850467289719626,
        "support": 159.0
      },
      "2": {
        "precision": 0.61875,
        "recall": 0.6265822784810127,
        "f1-score": 0.6226415094339622,
        "support": 158.0
      },
      "accuracy": 0.7270833333333333,
      "macro avg": {
        "precision": 0.7271126347866854,
        "recall": 0.7265904349962368,
        "f1-score": 0.726757969395952,
        "support": 480.0
      },
      "weighted avg": {
        "precision": 0.7278192027074543,
        "recall": 0.7270833333333333,
        "f1-score": 0.7273567761907561,
        "support": 480.0
      }
    }
  }
}